Company Name,Website
JALEX TuboFlex,jalex.in
Klokkerholm Karosseridele A/S,klokkerholm.com
Rajeshwari Fasteners Pvt. Ltd.,rajeshwarifasteners.com
"Auto Power Co., Ltd.",auto-power.com.tw
Riyansh Industries,riyanshindustries.com
Scut Protection Srl,scutprotection.com
Manor Tool & Manufacturing Company,manortool.com
Mansfield Engineered Components,mansfieldec.com
OEM Manufacturing (Monroe OEM),oemmfg.com
Principal Manufacturing Corporation,principalmfg.com
All-New Stamping,allnewstamping.com
Quality Stamping & Tube Corp,qst-corp.com
PROTEC,protec.pl
H2Stamping,h2stamping.com
Hydrapres S.A.,hydrapres.pl
